{
    "RandomForest": {
        "^CNXAUTO": {
            "Train RMSE": 859.6273416262851,
            "Test RMSE": 833.7319447760465,
            "Train MAE": 687.6700442442994,
            "Test MAE": 660.524589985957,
            "Train R2": 0.8080730456761805,
            "Test R2": 0.8151830184458584
        },
        "NIFTY_FIN_SERVICE.NS": {
            "Train RMSE": 1085.4521357200072,
            "Test RMSE": 1105.2833780212088,
            "Train MAE": 843.7869160953048,
            "Test MAE": 848.8029357757534,
            "Train R2": 0.9257283853210638,
            "Test R2": 0.9248788674907814
        },
        "^NSEBANK": {
            "Train RMSE": 2506.5059311361388,
            "Test RMSE": 2523.8963768546405,
            "Train MAE": 1914.2598271804304,
            "Test MAE": 1902.6940887644016,
            "Train R2": 0.8974440747056662,
            "Test R2": 0.8985535734472307
        },
        "^CNXFMCG": {
            "Train RMSE": 1940.42383431939,
            "Test RMSE": 2071.0891876048895,
            "Train MAE": 1478.087686579207,
            "Test MAE": 1549.7781021990752,
            "Train R2": 0.9274946218443378,
            "Test R2": 0.9205007515606114
        },
        "^CNXIT": {
            "Train RMSE": 2376.164764220146,
            "Test RMSE": 2473.2142889845554,
            "Train MAE": 1571.7246360612166,
            "Test MAE": 1687.1294552408604,
            "Train R2": 0.9169227172720253,
            "Test R2": 0.9132985081130136
        },
        "^CNXMEDIA": {
            "Train RMSE": 238.60017989625612,
            "Test RMSE": 228.70101018000415,
            "Train MAE": 189.71826185234903,
            "Test MAE": 181.6901278998375,
            "Train R2": 0.8256720497508188,
            "Test R2": 0.8465106474378935
        },
        "^CNXMETAL": {
            "Train RMSE": 462.66198264158163,
            "Test RMSE": 492.4997266928256,
            "Train MAE": 358.49594901127404,
            "Test MAE": 381.0085229730197,
            "Train R2": 0.8723037461443159,
            "Test R2": 0.8647786738859616
        },
        "^CNXPSUBANK": {
            "Train RMSE": 406.31952281678974,
            "Test RMSE": 404.9086923922366,
            "Train MAE": 314.272957671782,
            "Test MAE": 303.0842386298184,
            "Train R2": 0.673533084242153,
            "Test R2": 0.724520501572224
        },
        "^CNXREALTY": {
            "Train RMSE": 43.90490749835487,
            "Test RMSE": 41.909648637253305,
            "Train MAE": 34.01061303440396,
            "Test MAE": 32.38210595813278,
            "Train R2": 0.779225644110078,
            "Test R2": 0.8022140686670366
        },
        "^CNXENERGY": {
            "Train RMSE": 1296.9283627403547,
            "Test RMSE": 1307.5138759360482,
            "Train MAE": 973.646638811356,
            "Test MAE": 982.8580679814205,
            "Train R2": 0.9448768199229118,
            "Test R2": 0.9464129045768581
        },
        "^NSEI": {
            "Train RMSE": 848.6890316574097,
            "Test RMSE": 879.3591054549503,
            "Train MAE": 639.9002123406547,
            "Test MAE": 651.0737049175582,
            "Train R2": 0.9362947206192873,
            "Test R2": 0.9338033901869505
        },
        "^NSEMDCP50": {
            "Train RMSE": 487.3991773584078,
            "Test RMSE": 486.8649243262759,
            "Train MAE": 367.3123902526911,
            "Test MAE": 362.4871010024689,
            "Train R2": 0.9270324455672393,
            "Test R2": 0.9287507006254914
        }
    },
    "LinearRegression": {
        "^CNXAUTO": {
            "Train RMSE": 859.6219535553598,
            "Test RMSE": 833.9327424571889,
            "Train MAE": 687.6587364401227,
            "Test MAE": 660.3453508183142,
            "Train R2": 0.8080754516322302,
            "Test R2": 0.8150939843372655
        },
        "NIFTY_FIN_SERVICE.NS": {
            "Train RMSE": 1085.6556627373673,
            "Test RMSE": 1107.1330831897974,
            "Train MAE": 846.2497948050608,
            "Test MAE": 852.6976720921705,
            "Train R2": 0.9257005302053992,
            "Test R2": 0.9246272248465072
        },
        "^NSEBANK": {
            "Train RMSE": 2506.8259590835996,
            "Test RMSE": 2527.126468966195,
            "Train MAE": 1919.0124555406744,
            "Test MAE": 1909.1193002552957,
            "Train R2": 0.8974178845761127,
            "Test R2": 0.8982937442489767
        },
        "^CNXFMCG": {
            "Train RMSE": 1940.4650924003838,
            "Test RMSE": 2071.887386767226,
            "Train MAE": 1478.2120833603828,
            "Test MAE": 1549.5430166306062,
            "Train R2": 0.927491538533863,
            "Test R2": 0.9204394616249312
        },
        "^CNXIT": {
            "Train RMSE": 2376.1775539928067,
            "Test RMSE": 2474.754050217844,
            "Train MAE": 1573.748697100962,
            "Test MAE": 1687.9521664076476,
            "Train R2": 0.9169218229380676,
            "Test R2": 0.9131905181556355
        },
        "^CNXMEDIA": {
            "Train RMSE": 238.60791970677673,
            "Test RMSE": 228.83313157698032,
            "Train MAE": 189.88396288210592,
            "Test MAE": 181.90290482381403,
            "Train R2": 0.8256607397242466,
            "Test R2": 0.8463332535089648
        },
        "^CNXMETAL": {
            "Train RMSE": 462.8896722577673,
            "Test RMSE": 493.2445530699708,
            "Train MAE": 357.8899053381588,
            "Test MAE": 379.7569723679595,
            "Train R2": 0.8721780290269388,
            "Test R2": 0.8643693637335286
        },
        "^CNXPSUBANK": {
            "Train RMSE": 406.3884781028658,
            "Test RMSE": 405.2871675131528,
            "Train MAE": 314.9496939026999,
            "Test MAE": 304.00515647548536,
            "Train R2": 0.6734222673677649,
            "Test R2": 0.7240052700336397
        },
        "^CNXREALTY": {
            "Train RMSE": 43.92314985177016,
            "Test RMSE": 41.99310245986402,
            "Train MAE": 34.05903227755719,
            "Test MAE": 32.38701327298317,
            "Train R2": 0.7790421438705861,
            "Test R2": 0.8014255902814108
        },
        "^CNXENERGY": {
            "Train RMSE": 1297.0780511695298,
            "Test RMSE": 1308.6607808625529,
            "Train MAE": 975.6881279033101,
            "Test MAE": 985.0926555915719,
            "Train R2": 0.94486409481234,
            "Test R2": 0.9463188539364279
        },
        "^NSEI": {
            "Train RMSE": 848.8408769889498,
            "Test RMSE": 880.6617253139169,
            "Train MAE": 640.7772703846196,
            "Test MAE": 651.722470997475,
            "Train R2": 0.9362719225995808,
            "Test R2": 0.9336071270567632
        },
        "^NSEMDCP50": {
            "Train RMSE": 487.4870412313288,
            "Test RMSE": 487.7392701147247,
            "Train MAE": 367.95008843944646,
            "Test MAE": 363.9847826008276,
            "Train R2": 0.9270061353471764,
            "Test R2": 0.9284945619721116
        }
    },
    "SVR": {
        "^CNXAUTO": {
            "Train RMSE": 1878.9978664510681,
            "Test RMSE": 1854.8246806809545,
            "Train MAE": 1576.040021204693,
            "Test MAE": 1544.2006518976227,
            "Train R2": 0.08300259900606377,
            "Test R2": 0.08526621185163263
        },
        "NIFTY_FIN_SERVICE.NS": {
            "Train RMSE": 3865.732634882949,
            "Test RMSE": 3913.161998066395,
            "Train MAE": 3115.6542049383143,
            "Test MAE": 3182.7042294666267,
            "Train R2": 0.057969122722108635,